target,avg_mae,avg_rmse
raw_material_kg,12.927000000000001,16.360999999999997
revenue_vnd,3014893.794,3807855.31
